repo,last_comment_id,last_since,updated_at
Azure/azure-sdk-for-js,6079365881,2026-10-09T10:47:57Z,2026-10-09T10:52:21.093217+00:00
Azure/azure-sdk-for-js/reviews,4228441707,2026-10-09T09:02:58Z,2026-10-09T10:52:45.684519+00:00
dotnet/maui,6079353509,2026-10-09T10:47:08Z,2026-10-09T10:52:31.535821+00:00
dotnet/maui/reviews,4229278770,2026-10-09T10:46:56Z,2026-10-09T10:52:48.450661+00:00
dotnet/roslyn,6078831431,2026-10-09T10:10:59Z,2026-10-09T10:52:32.843153+00:00
dotnet/roslyn/reviews,4228405499,2026-10-09T08:58:14Z,2026-10-09T10:52:51.633807+00:00
dotnet/runtime,6079375026,2026-10-09T10:48:38Z,2026-10-09T10:52:40.869519+00:00
dotnet/runtime/reviews,4228992414,2026-10-09T10:10:15Z,2026-10-09T10:52:56.590406+00:00
microsoft/aspire,6079279176,2026-10-09T10:42:00Z,2026-10-09T10:52:20.595031+00:00
microsoft/aspire/reviews,4228386953,2026-10-09T08:56:11Z,2026-10-09T10:52:43.931463+00:00
microsoft/vcpkg,6079284623,2026-10-09T10:42:24Z,2026-10-09T10:52:21.528773+00:00
microsoft/vcpkg/reviews,4228911143,2026-10-09T09:59:51Z,2026-10-09T10:52:46.463791+00:00
